姓名,身分證字號,性別,出生年月日,Email,手機
吳君潔,F515754927,女,72/11/7,user001@gmail.com,0990030244
林品如,N217336080,女,83/1/2,user002@gmail.com,0988181072
陳慧琳,N215506320,女,42/10/28,user003@gmail.com,0900672774
張品如,X017922236,女,52/10/10,user004@gmail.com,0959390435
林怡君,Y116289482,女,88/9/11,user005@gmail.com,0916604405
吳欣惠,F513090131,女,58/5/7,user006@gmail.com,0910055269
張麗華,U816191580,女,58/4/22,user007@gmail.com,0974781142
林佩珊,C214111123,女,61/12/30,user008@gmail.com,0927411536
陳佳蓉,Q413892701,女,67/2/12,user009@gmail.com,0911995503
吳欣怡,Q414452067,女,46/10/3,user010@gmail.com,0938152460
王雅惠,M119352552,女,64/2/23,user011@gmail.com,0988737355
楊佳慧,D319852555,女,89/6/20,user012@gmail.com,0928904770
黃怡慧,P314181704,女,67/9/16,user013@gmail.com,0933345372
林婉君,R512595470,女,58/9/3,user014@gmail.com,0917197814
陳芳儀,J816542627,女,39/5/16,user015@gmail.com,0950855121
陳佳蓉,M114398595,女,54/6/23,user016@gmail.com,0928146675
林品如,Z310033275,女,45/3/3,user017@gmail.com,0988232288
蔡君潔,X018218389,女,72/1/19,user018@gmail.com,0930475932
林婉君,E414169665,女,60/7/25,user019@gmail.com,0962660924
王靜怡,Y112479297,女,40/10/30,user020@gmail.com,0973766060
楊欣惠,D314743353,女,59/4/7,user021@gmail.com,0956077142
王君潔,P316308718,女,74/7/13,user022@gmail.com,0952887761
陳怡慧,I419621270,女,74/8/1,user023@gmail.com,0978651347
黃靜怡,J812830125,女,67/5/18,user024@gmail.com,0971477759
李佩珊,M111340373,女,66/10/6,user025@gmail.com,0965498575
王靜怡,V912442930,女,44/11/19,user026@gmail.com,0917937530
蔡淑芬,L015428481,女,51/1/12,user027@gmail.com,0957978015
楊婉君,N217253779,女,49/4/9,user028@gmail.com,0921520322
王怡慧,T711073273,女,51/9/20,user029@gmail.com,0968567001
吳佩珊,U812070554,女,84/11/7,user030@gmail.com,0960256989
劉靜怡,J816955121,女,65/12/15,user031@gmail.com,0952897433
吳怡慧,M119813744,女,54/5/11,user032@gmail.com,0936583230
王玉珍,A015902012,女,86/5/6,user033@gmail.com,0938606663
陳欣惠,X012004821,女,80/6/24,user034@gmail.com,0978690957
王怡君,R510879373,女,58/6/27,user035@gmail.com,0944522928
林淑芬,F512053819,女,51/3/26,user036@gmail.com,0999476584
劉婉君,W218645106,女,66/10/25,user037@gmail.com,0951274541
蔡秀琴,P315031431,女,49/2/2,user038@gmail.com,0959629458
張品如,O518664551,女,55/1/21,user039@gmail.com,0951139102
王君潔,O510357401,女,51/6/23,user040@gmail.com,0902098726
劉佳蓉,Q413425211,女,84/12/18,user041@gmail.com,0944482214
劉玉珍,W210010886,女,87/4/2,user042@gmail.com,0948322060
王佳慧,R519328329,女,55/6/25,user043@gmail.com,0957622703
王佩珊,L011900562,女,84/7/4,user044@gmail.com,0940873819
楊君潔,Y115511844,女,77/2/23,user045@gmail.com,0902754717
楊雅惠,U812650663,女,39/4/12,user046@gmail.com,0906422642
王秀琴,O514822953,女,66/7/4,user047@gmail.com,0916203771
張芳儀,O512444929,女,44/7/20,user048@gmail.com,0963416682
楊雅惠,K915468148,女,76/12/25,user049@gmail.com,0959314512
楊芳儀,H719676319,女,69/7/9,user050@gmail.com,0978426179
林欣惠,Z314559697,女,50/11/20,user051@gmail.com,0962206732
吳雅惠,U817588471,女,45/4/19,user052@gmail.com,0902667616
吳玉珍,Y119079844,女,74/1/13,user053@gmail.com,0959272470
劉玉珍,E417243141,女,60/6/18,user054@gmail.com,0973781622
楊淑芬,L010207709,女,44/8/1,user055@gmail.com,0937598702
李婉君,V915381777,女,67/4/3,user056@gmail.com,0938714709
陳佳蓉,U811503237,女,42/3/21,user057@gmail.com,0991481954
張怡君,F513236656,女,75/11/2,user058@gmail.com,0933022842
劉麗華,W213621678,女,47/12/14,user059@gmail.com,0994038562
楊麗華,P317986797,女,66/12/29,user060@gmail.com,0997441779
王怡慧,O518110895,女,59/5/14,user061@gmail.com,0915587868
陳佳蓉,D311518474,女,45/9/30,user062@gmail.com,0940422963
蔡淑芬,G610110098,女,86/6/11,user063@gmail.com,0989117707
李雅惠,Z311963423,女,77/5/28,user064@gmail.com,0992755500
蔡佳慧,T710167299,女,49/12/20,user065@gmail.com,0950260266
李玉珍,X016767413,女,50/9/9,user066@gmail.com,0981414498
王雅惠,P319419869,女,44/9/21,user067@gmail.com,0909014994
楊佳蓉,A012407908,女,83/8/25,user068@gmail.com,0992440611
王欣惠,N213181124,女,58/2/1,user069@gmail.com,0930458681
蔡怡慧,L014102901,女,69/11/15,user070@gmail.com,0925522286
張佳蓉,O514869353,女,46/2/5,user071@gmail.com,0959698001
黃靜怡,D310190045,女,71/5/28,user072@gmail.com,0954717480
楊佳慧,E414996614,女,44/10/21,user073@gmail.com,0941051172
張芳儀,B114036097,女,59/6/24,user074@gmail.com,0922476673
吳玉珍,A018871317,女,54/3/8,user075@gmail.com,0906176995
陳婉君,S613745419,女,79/3/2,user076@gmail.com,0936192649
林淑芬,E413282389,女,86/10/10,user077@gmail.com,0913518227
吳靜怡,D319580108,女,67/5/7,user078@gmail.com,0972301053
林怡君,P315964317,女,42/12/21,user079@gmail.com,0913606040
李慧琳,Y116445703,女,39/4/24,user080@gmail.com,0908565288
李玉珍,S619648754,女,73/3/1,user081@gmail.com,0918633303
劉雅婷,W217798231,女,59/7/4,user082@gmail.com,0919591225
陳慧琳,Z312713203,女,43/1/15,user083@gmail.com,0961228616
蔡怡君,E415664927,女,57/12/23,user084@gmail.com,0900352350
楊怡慧,D312017803,女,88/12/28,user085@gmail.com,0927241649
李秀琴,R513073811,女,59/8/9,user086@gmail.com,0973112637
吳秀琴,F518153219,女,45/10/9,user087@gmail.com,0957522070
蔡怡君,W214415999,女,51/3/3,user088@gmail.com,0971912353
張欣惠,Z318952855,女,77/11/20,user089@gmail.com,0977032520
蔡秀琴,A011596136,女,52/9/13,user090@gmail.com,0910672590
李佩珊,H715934668,女,80/1/14,user091@gmail.com,0927323287
李怡君,A014705166,女,82/11/11,user092@gmail.com,0999893957
林靜怡,L012928026,女,43/11/7,user093@gmail.com,0920080038
楊玉珍,B115207861,女,64/7/17,user094@gmail.com,0909996979
陳君潔,O517970810,女,52/11/2,user095@gmail.com,0988175708
張淑芬,S617501037,女,41/2/13,user096@gmail.com,0913740933
楊欣惠,S619442394,女,66/8/4,user097@gmail.com,0984119356
林品如,M119191388,女,78/8/4,user098@gmail.com,0949731390
蔡佳蓉,K913744344,女,78/6/13,user099@gmail.com,0901538927
李佩珊,A010133294,女,62/12/10,user100@gmail.com,0977233422
